"Message",Low,"Build started."
"Message",Low,"Project ""Unnamed_1"" (default targets):"
"Message",Low,"Building with tools version ""4.0""."
"Message",Low,"Target ""PrintILCStartMessage"" in file ""C:\Program Files (x86)\MSBuild\Microsoft\.NetNative\x64\ilc\IlcInternals.targets"" from project ""C:\Assistence_Control\Assistence_Control\Unnamed_1"" (target ""Build"" depends on it):"
"Message",Low,"Using ""IlcMessageTask"" task from assembly ""C:\Program Files (x86)\MSBuild\Microsoft\.NetNative\x64\ilc\ilc.exe""."
"Message",Low,"Task ""IlcMessageTask"""
"Message",High,"Starting .NET Native compilation"
"Message",Low,"Done executing task ""IlcMessageTask""."
"Message",Low,"Done building target ""PrintILCStartMessage"" in project ""Unnamed_1""."
"Message",Low,"Target ""RunGatekeeper"" in file ""C:\Program Files (x86)\MSBuild\Microsoft\.NetNative\x64\ilc\IlcInternals.targets"" from project ""C:\Assistence_Control\Assistence_Control\Unnamed_1"" (target ""Build"" depends on it):"
"Message",Low,"Using ""WriteLinesToFile"" task from assembly ""Microsoft.Build.Tasks.v4.0, Version=4.0.0.0, Culture=neutral, PublicKeyToken=b03f5f7f11d50a3a""."
"Message",Low,"Task ""WriteLinesToFile"""
"Message",Low,"Done executing task ""WriteLinesToFile""."
"Message",Low,"Using ""StartProcessTask"" task from assembly ""Microsoft.Build.ILTasks""."
"Message",Low,"Task ""StartProcessTask"""
"Message",Normal,"Launching 'C:\Program Files (x86)\MSBuild\Microsoft\.NetNative\x64\ilc\tools\Gatekeeper.exe @""C:\Assistence_Control\Assistence_Control\obj\x64\Release\ilc\intermediate\gkargs.rsp""'"
"Message",Low,"Microsoft (R) .NET Native Gatekeeper Version 1.0.24208.01 "
"Message",Low,"Copyright (C) Microsoft Corporation.  All rights reserved. "
"Message",Low," "
"Message",Low,"Checking assembly 'C:\Assistence_Control\Assistence_Control\obj\x64\Release\ilc\in\Assistance_Control.exe'. "
"Message",Low,"Checking assembly 'C:\Assistence_Control\Assistence_Control\obj\x64\Release\ilc\in\DevExpress.Core.v15.2.dll'. "
"Message",Low,"Checking assembly 'C:\Assistence_Control\Assistence_Control\obj\x64\Release\ilc\in\DevExpress.Drawing.v15.2.dll'. "
"Message",Low,"Checking assembly 'C:\Assistence_Control\Assistence_Control\obj\x64\Release\ilc\in\DevExpress.Mvvm.v15.2.dll'. "
"Message",Low,"Checking assembly 'C:\Assistence_Control\Assistence_Control\obj\x64\Release\ilc\in\DevExpress.Pdf.Core.v15.2.dll'. "
"Message",Low,"Checking assembly 'C:\Assistence_Control\Assistence_Control\obj\x64\Release\ilc\in\DevExpress.UI.Xaml.Controls.v15.2.dll'. "
"Message",Low,"Checking assembly 'C:\Assistence_Control\Assistence_Control\obj\x64\Release\ilc\in\DevExpress.UI.Xaml.Editors.v15.2.dll'. "
"Message",Low,"Checking assembly 'C:\Assistence_Control\Assistence_Control\obj\x64\Release\ilc\in\DevExpress.UI.Xaml.Layout.v15.2.dll'. "
"Message",Low,"Checking assembly 'C:\Assistence_Control\Assistence_Control\obj\x64\Release\ilc\in\DevExpress.UI.Xaml.Ribbon.v15.2.dll'. "
"Message",Low,"Checking assembly 'C:\Assistence_Control\Assistence_Control\obj\x64\Release\ilc\in\DevExpress.UI.Xaml.v15.2.dll'. "
"Message",Low,"Checking assembly 'C:\Assistence_Control\Assistence_Control\obj\x64\Release\ilc\in\MyToolkit.dll'. "
"Message",Low,"Checking assembly 'C:\Assistence_Control\Assistence_Control\obj\x64\Release\ilc\in\MyToolkit.Extended.dll'. "
"Message",Normal,"'C:\Program Files (x86)\MSBuild\Microsoft\.NetNative\x64\ilc\tools\Gatekeeper.exe @""C:\Assistence_Control\Assistence_Control\obj\x64\Release\ilc\intermediate\gkargs.rsp""' completed."
"Message",Normal,"Process execution statistics (all times in milliseconds)"
"Message",Normal,"-----------------------------------------------------------------------------"
"Message",Normal,"launch  |  start   |   stop   |   end    | duration | lifetime | [slot] name"
"Message",Normal,"-----------------------------------------------------------------------------"
"Message",Normal,"       0 |       16 |      735 |      735 |      719 |      735 | [0] Gatekeeper"
"Message",Normal,"Number of commands:      1"
"Message",Normal,"Total system time:       735 ms"
"Message",Normal,"System time per command: 735 ms"
"Message",Normal,"Total duration:          719 ms"
"Message",Normal,"Total lifetime:          735 ms"
"Message",Normal,"Requested DOP:           4"
"Message",Normal,"Duration DOP:            1.0"
"Message",Normal,"Lifetime DOP:            1.0"
"Message",Low,"Done executing task ""StartProcessTask""."
"Message",Low,"Done building target ""RunGatekeeper"" in project ""Unnamed_1""."
"Message",Low,"Target ""LogAppContextSwitches"" in file ""C:\Program Files (x86)\MSBuild\Microsoft\.NetNative\x64\ilc\IlcInternals.targets"" from project ""C:\Assistence_Control\Assistence_Control\Unnamed_1"" (target ""SetMainTargetPaths"" depends on it):"
"Message",Low,"Using ""Message"" task from assembly ""Microsoft.Build.Tasks.v4.0, Version=4.0.0.0, Culture=neutral, PublicKeyToken=b03f5f7f11d50a3a""."
"Message",Low,"Task ""Message"""
"Message",Normal,"AppContextSwitch: ''"
"Message",Low,"Done executing task ""Message""."
"Message",Low,"Done building target ""LogAppContextSwitches"" in project ""Unnamed_1""."
"Message",Low,"Target ""SetMainTargetPaths"" in file ""C:\Program Files (x86)\MSBuild\Microsoft\.NetNative\x64\ilc\IlcInternals.targets"" from project ""C:\Assistence_Control\Assistence_Control\Unnamed_1"" (target ""CopyNativeExecutablesToOutput"" depends on it):"
"Message",Low,"Done building target ""SetMainTargetPaths"" in project ""Unnamed_1""."
"Message",Low,"Target ""GenerateFakeExe"" skipped, due to false condition; (!Exists('@(InputILTarget)')) was evaluated as (!Exists('C:\Assistence_Control\Assistence_Control\obj\x64\Release\ilc\in\Assistance_Control.exe'))."
"Message",Low,"Target ""InjectCoreLibTypeForwards"" skipped, due to false condition; ('$(UseSharedAssemblies)' != 'true') was evaluated as ('true' != 'true')."
"Message",Low,"Target ""InjectWindowsRuntimeTypeForwards"" in file ""C:\Program Files (x86)\MSBuild\Microsoft\.NetNative\x64\ilc\IlcInternals.targets"" from project ""C:\Assistence_Control\Assistence_Control\Unnamed_1"" (target ""RunILTransforms"" depends on it):"
"Message",Low,"Using ""MakeDir"" task from assembly ""Microsoft.Build.Tasks.v4.0, Version=4.0.0.0, Culture=neutral, PublicKeyToken=b03f5f7f11d50a3a""."
"Message",Low,"Task ""MakeDir"""
"Message",Normal,"Creating directory ""C:\Assistence_Control\Assistence_Control\obj\x64\Release\ilc\intermediate\TransformedSRWR\""."
"Message",Low,"Done executing task ""MakeDir""."
"Message",Low,"Using ""ILTransformTask"" task from assembly ""Microsoft.Build.ILTasks""."
"Message",Low,"Task ""ILTransformTask"""
"Message",Normal,"Running 'InjectWindowsRuntimeTypeForwards' transform, heap at 10 MB."
"Message",Normal,"Running 'WriteAssemblies' transform, heap at 16 MB."
"Message",Normal,""
"Message",Normal,"Transform summary"
"Message",Normal,"    ms | heap delta | name"
"Message",Normal,"   113 |          6 | InjectWindowsRuntimeTypeForwards"
"Message",Normal,"    83 |          2 | WriteAssemblies"
"Message",Low,"Done executing task ""ILTransformTask""."
"Message",Low,"Done building target ""InjectWindowsRuntimeTypeForwards"" in project ""Unnamed_1""."
"Message",Low,"Target ""InjectCoreLibTypeForwards"" skipped, due to false condition; ('$(UseSharedAssemblies)' != 'true') was evaluated as ('true' != 'true')."
"Message",Low,"Target ""PreResolveTransforms"" in file ""C:\Program Files (x86)\MSBuild\Microsoft\.NetNative\x64\ilc\IlcInternals.targets"" from project ""C:\Assistence_Control\Assistence_Control\Unnamed_1"" (target ""RunILTransforms"" depends on it):"
"Message",Low,"Building target ""PreResolveTransforms"" completely."
"Message",Low,"Output file ""C:\Assistence_Control\Assistence_Control\obj\x64\Release\ilc\intermediate\PreMergeILTransformed\Assistance_Control.exe"" does not exist."
"Message",Low,"Task ""MakeDir"""
"Message",Normal,"Creating directory ""C:\Assistence_Control\Assistence_Control\obj\x64\Release\ilc\intermediate\PreMergeILTransformed\""."
"Message",Low,"Done executing task ""MakeDir""."
"Message",Low,"Task ""Message"""
"Message",Normal,"Running AssemblyClosureTask in PreResolveTransforms"
"Message",Low,"Done executing task ""Message""."
"Message",Low,"Using ""AssemblyClosureTask"" task from assembly ""Microsoft.Build.ILTasks""."
"Message",Low,"Task ""AssemblyClosureTask"""
"Message",Low,"Done executing task ""AssemblyClosureTask""."
"Message",Low,"Task ""ILTransformTask"""
"Message",Normal,"Running 'ResolveSelfReferences' transform, heap at 2 MB."
"Message",Normal,"Running 'RemoveDuplicateMembers' transform, heap at 103 MB."
"Message",Normal,"Running 'PortableLib' transform, heap at 103 MB."
"Message",Normal,"Running 'WriteAssemblies' transform, heap at 196 MB."
"Message",Normal,""
"Message",Normal,"Transform summary"
"Message",Normal,"    ms | heap delta | name"
"Message",Normal,"  2771 |        101 | ResolveSelfReferences"
"Message",Normal,"  2682 |        -54 | WriteAssemblies"
"Message",Normal,"  1734 |         93 | PortableLib"
"Message",Normal,"     0 |          0 | RemoveDuplicateMembers"
"Message",Low,"Done executing task ""ILTransformTask""."
"Message",Low,"Using ""Copy"" task from assembly ""Microsoft.Build.Tasks.v4.0, Version=4.0.0.0, Culture=neutral, PublicKeyToken=b03f5f7f11d50a3a""."
"Message",Low,"Task ""Copy"""
"Message",Normal,"Copying file from ""C:\Assistence_Control\Assistence_Control\obj\x64\Release\ilc\in\Assistance_Control.pdb"" to ""C:\Assistence_Control\Assistence_Control\obj\x64\Release\ilc\intermediate\PreMergeILTransformed\Assistance_Control.pdb""."
"Message",Low,"Done executing task ""Copy""."
"Message",Low,"Task ""Copy"""
"Message",Normal,"Copying file from ""C:\Assistence_Control\Assistence_Control\obj\x64\Release\ilc\in\Assistance_Control.exe"" to ""C:\Assistence_Control\Assistence_Control\obj\x64\Release\ilc\intermediate\PreMergeILTransformed\Assistance_Control.exe""."
"Message",Low,"Done executing task ""Copy""."
"Message",Low,"Task ""Copy"" skipped, due to false condition; ('$(HasMcgPatchDlls)'=='true') was evaluated as (''=='true')."
"Message",Low,"Done building target ""PreResolveTransforms"" in project ""Unnamed_1""."
"Message",Low,"Target ""InitInputResourceName"" in file ""C:\Program Files (x86)\MSBuild\Microsoft\.NetNative\x64\ilc\IlcInternals.targets"" from project ""C:\Assistence_Control\Assistence_Control\Unnamed_1"" (target ""RunILTransforms"" depends on it):"
"Message",Low,"Task ""ResolveFilePathTask"" skipped, due to false condition; ('$(InputPath)' != '' and Exists('$(InputPath)\obj\')) was evaluated as ('C:\Assistence_Control\Assistence_Control\obj\x64\Release\ilc\in' != '' and Exists('C:\Assistence_Control\Assistence_Control\obj\x64\Release\ilc\in\obj\'))."
"Message",Low,"Using ""ResolveFilePathTask"" task from assembly ""Microsoft.Build.ILTasks""."
"Message",Low,"Task ""ResolveFilePathTask"""
"Message",Low,"Done executing task ""ResolveFilePathTask""."
"Message",Low,"Done building target ""InitInputResourceName"" in project ""Unnamed_1""."
"Message",Low,"Target ""PreResolveTransforms"" skipped. Previously built successfully."
"Message",Low,"Target ""SetForSharedInputs"" in file ""C:\Program Files (x86)\MSBuild\Microsoft\.NetNative\x64\ilc\IlcInternals.targets"" from project ""C:\Assistence_Control\Assistence_Control\Unnamed_1"" (target ""ResolveInitialReferences"" depends on it):"
"Message",Low,"Building target ""SetForSharedInputs"" completely."
"Message",Low,"No input files were specified."
"Message",Low,"Task ""IlcErrorTask"" skipped, due to false condition; (!Exists('$(InputSharedAssemblyListPath)')) was evaluated as (!Exists('C:\Program Files (x86)\Microsoft SDKs\Windows Kits\10\ExtensionSDKs\Microsoft.NET.Native.Framework.1.3\1.3\x64\ret\SharedAssemblyList.txt'))."
"Message",Low,"Using ""ReadLinesFromFile"" task from assembly ""Microsoft.Build.Tasks.v4.0, Version=4.0.0.0, Culture=neutral, PublicKeyToken=b03f5f7f11d50a3a""."
"Message",Low,"Task ""ReadLinesFromFile"""
"Message",Low,"Done executing task ""ReadLinesFromFile""."
"Message",Low,"Task ""IlcErrorTask"" skipped, due to false condition; (!Exists('$(InputSharedAssemblyPath)\%(SharedLibraryContent.Identity)')) was evaluated as (!Exists('C:\Program Files (x86)\Microsoft SDKs\Windows Kits\10\ExtensionSDKs\Microsoft.NET.Native.Framework.1.3\1.3\x64\ret\SharedAssemblyILMergeInfo.csv'))."
"Message",Low,"Task ""IlcErrorTask"" skipped, due to false condition; (!Exists('$(InputSharedAssemblyPath)\%(SharedLibraryContent.Identity)')) was evaluated as (!Exists('C:\Program Files (x86)\Microsoft SDKs\Windows Kits\10\ExtensionSDKs\Microsoft.NET.Native.Framework.1.3\1.3\x64\ret\SharedLibrary.iltransformtoc.ildll'))."
"Message",Low,"Task ""IlcErrorTask"" skipped, due to false condition; (!Exists('$(InputSharedAssemblyPath)\%(SharedLibraryContent.Identity)')) was evaluated as (!Exists('C:\Program Files (x86)\Microsoft SDKs\Windows Kits\10\ExtensionSDKs\Microsoft.NET.Native.Framework.1.3\1.3\x64\ret\AnalysisILToc\System.Collections.iltoc'))."
"Message",Low,"Task ""IlcErrorTask"" skipped, due to false condition; (!Exists('$(InputSharedAssemblyPath)\%(SharedLibraryContent.Identity)')) was evaluated as (!Exists('C:\Program Files (x86)\Microsoft SDKs\Windows Kits\10\ExtensionSDKs\Microsoft.NET.Native.Framework.1.3\1.3\x64\ret\AnalysisILToc\System.Collections.Concurrent.iltoc'))."
"Message",Low,"Task ""IlcErrorTask"" skipped, due to false condition; (!Exists('$(InputSharedAssemblyPath)\%(SharedLibraryContent.Identity)')) was evaluated as (!Exists('C:\Program Files (x86)\Microsoft SDKs\Windows Kits\10\ExtensionSDKs\Microsoft.NET.Native.Framework.1.3\1.3\x64\ret\AnalysisILToc\System.Diagnostics.Tracing.iltoc'))."
"Message",Low,"Task ""IlcErrorTask"" skipped, due to false condition; (!Exists('$(InputSharedAssemblyPath)\%(SharedLibraryContent.Identity)')) was evaluated as (!Exists('C:\Program Files (x86)\Microsoft SDKs\Windows Kits\10\ExtensionSDKs\Microsoft.NET.Native.Framework.1.3\1.3\x64\ret\AnalysisILToc\System.Dynamic.Runtime.iltoc'))."
"Message",Low,"Task ""IlcErrorTask"" skipped, due to false condition; (!Exists('$(InputSharedAssemblyPath)\%(SharedLibraryContent.Identity)')) was evaluated as (!Exists('C:\Program Files (x86)\Microsoft SDKs\Windows Kits\10\ExtensionSDKs\Microsoft.NET.Native.Framework.1.3\1.3\x64\ret\AnalysisILToc\System.IO.iltoc'))."
"Message",Low,"Task ""IlcErrorTask"" skipped, due to false condition; (!Exists('$(InputSharedAssemblyPath)\%(SharedLibraryContent.Identity)')) was evaluated as (!Exists('C:\Program Files (x86)\Microsoft SDKs\Windows Kits\10\ExtensionSDKs\Microsoft.NET.Native.Framework.1.3\1.3\x64\ret\AnalysisILToc\System.Linq.iltoc'))."
"Message",Low,"Task ""IlcErrorTask"" skipped, due to false condition; (!Exists('$(InputSharedAssemblyPath)\%(SharedLibraryContent.Identity)')) was evaluated as (!Exists('C:\Program Files (x86)\Microsoft SDKs\Windows Kits\10\ExtensionSDKs\Microsoft.NET.Native.Framework.1.3\1.3\x64\ret\AnalysisILToc\System.Linq.Expressions.iltoc'))."
"Message",Low,"Task ""IlcErrorTask"" skipped, due to false condition; (!Exists('$(InputSharedAssemblyPath)\%(SharedLibraryContent.Identity)')) was evaluated as (!Exists('C:\Program Files (x86)\Microsoft SDKs\Windows Kits\10\ExtensionSDKs\Microsoft.NET.Native.Framework.1.3\1.3\x64\ret\AnalysisILToc\System.ObjectModel.iltoc'))."
"Message",Low,"Task ""IlcErrorTask"" skipped, due to false condition; (!Exists('$(InputSharedAssemblyPath)\%(SharedLibraryContent.Identity)')) was evaluated as (!Exists('C:\Program Files (x86)\Microsoft SDKs\Windows Kits\10\ExtensionSDKs\Microsoft.NET.Native.Framework.1.3\1.3\x64\ret\AnalysisILToc\System.Private.CoreLib.iltoc'))."
"Message",Low,"Task ""IlcErrorTask"" skipped, due to false condition; (!Exists('$(InputSharedAssemblyPath)\%(SharedLibraryContent.Identity)')) was evaluated as (!Exists('C:\Program Files (x86)\Microsoft SDKs\Windows Kits\10\ExtensionSDKs\Microsoft.NET.Native.Framework.1.3\1.3\x64\ret\AnalysisILToc\System.Private.Interop.iltoc'))."
"Message",Low,"Task ""IlcErrorTask"" skipped, due to false condition; (!Exists('$(InputSharedAssemblyPath)\%(SharedLibraryContent.Identity)')) was evaluated as (!Exists('C:\Program Files (x86)\Microsoft SDKs\Windows Kits\10\ExtensionSDKs\Microsoft.NET.Native.Framework.1.3\1.3\x64\ret\AnalysisILToc\System.Private.Reflection.iltoc'))."
"Message",Low,"Task ""IlcErrorTask"" skipped, due to false condition; (!Exists('$(InputSharedAssemblyPath)\%(SharedLibraryContent.Identity)')) was evaluated as (!Exists('C:\Program Files (x86)\Microsoft SDKs\Windows Kits\10\ExtensionSDKs\Microsoft.NET.Native.Framework.1.3\1.3\x64\ret\AnalysisILToc\System.Private.Reflection.Core.iltoc'))."
"Message",Low,"Task ""IlcErrorTask"" skipped, due to false condition; (!Exists('$(InputSharedAssemblyPath)\%(SharedLibraryContent.Identity)')) was evaluated as (!Exists('C:\Program Files (x86)\Microsoft SDKs\Windows Kits\10\ExtensionSDKs\Microsoft.NET.Native.Framework.1.3\1.3\x64\ret\AnalysisILToc\System.Private.Reflection.Execution.iltoc'))."
"Message",Low,"Task ""IlcErrorTask"" skipped, due to false condition; (!Exists('$(InputSharedAssemblyPath)\%(SharedLibraryContent.Identity)')) was evaluated as (!Exists('C:\Program Files (x86)\Microsoft SDKs\Windows Kits\10\ExtensionSDKs\Microsoft.NET.Native.Framework.1.3\1.3\x64\ret\AnalysisILToc\System.Private.Reflection.Metadata.iltoc'))."
"Message",Low,"Task ""IlcErrorTask"" skipped, due to false condition; (!Exists('$(InputSharedAssemblyPath)\%(SharedLibraryContent.Identity)')) was evaluated as (!Exists('C:\Program Files (x86)\Microsoft SDKs\Windows Kits\10\ExtensionSDKs\Microsoft.NET.Native.Framework.1.3\1.3\x64\ret\AnalysisILToc\System.Private.Threading.iltoc'))."
"Message",Low,"Task ""IlcErrorTask"" skipped, due to false condition; (!Exists('$(InputSharedAssemblyPath)\%(SharedLibraryContent.Identity)')) was evaluated as (!Exists('C:\Program Files (x86)\Microsoft SDKs\Windows Kits\10\ExtensionSDKs\Microsoft.NET.Native.Framework.1.3\1.3\x64\ret\AnalysisILToc\System.Private.TypeLoader.iltoc'))."
"Message",Low,"Task ""IlcErrorTask"" skipped, due to false condition; (!Exists('$(InputSharedAssemblyPath)\%(SharedLibraryContent.Identity)')) was evaluated as (!Exists('C:\Program Files (x86)\Microsoft SDKs\Windows Kits\10\ExtensionSDKs\Microsoft.NET.Native.Framework.1.3\1.3\x64\ret\AnalysisILToc\System.Private.Uri.iltoc'))."
"Message",Low,"Task ""IlcErrorTask"" skipped, due to false condition; (!Exists('$(InputSharedAssemblyPath)\%(SharedLibraryContent.Identity)')) was evaluated as (!Exists('C:\Program Files (x86)\Microsoft SDKs\Windows Kits\10\ExtensionSDKs\Microsoft.NET.Native.Framework.1.3\1.3\x64\ret\AnalysisILToc\System.Reflection.Extensions.iltoc'))."
"Message",Low,"Task ""IlcErrorTask"" skipped, due to false condition; (!Exists('$(InputSharedAssemblyPath)\%(SharedLibraryContent.Identity)')) was evaluated as (!Exists('C:\Program Files (x86)\Microsoft SDKs\Windows Kits\10\ExtensionSDKs\Microsoft.NET.Native.Framework.1.3\1.3\x64\ret\AnalysisILToc\System.Reflection.Primitives.iltoc'))."
"Message",Low,"Task ""IlcErrorTask"" skipped, due to false condition; (!Exists('$(InputSharedAssemblyPath)\%(SharedLibraryContent.Identity)')) was evaluated as (!Exists('C:\Program Files (x86)\Microsoft SDKs\Windows Kits\10\ExtensionSDKs\Microsoft.NET.Native.Framework.1.3\1.3\x64\ret\AnalysisILToc\System.Reflection.TypeExtensions.iltoc'))."
"Message",Low,"Task ""IlcErrorTask"" skipped, due to false condition; (!Exists('$(InputSharedAssemblyPath)\%(SharedLibraryContent.Identity)')) was evaluated as (!Exists('C:\Program Files (x86)\Microsoft SDKs\Windows Kits\10\ExtensionSDKs\Microsoft.NET.Native.Framework.1.3\1.3\x64\ret\AnalysisILToc\System.Resources.ResourceManager.iltoc'))."
"Message",Low,"Task ""IlcErrorTask"" skipped, due to false condition; (!Exists('$(InputSharedAssemblyPath)\%(SharedLibraryContent.Identity)')) was evaluated as (!Exists('C:\Program Files (x86)\Microsoft SDKs\Windows Kits\10\ExtensionSDKs\Microsoft.NET.Native.Framework.1.3\1.3\x64\ret\AnalysisILToc\System.Runtime.Extensions.iltoc'))."
"Message",Low,"Task ""IlcErrorTask"" skipped, due to false condition; (!Exists('$(InputSharedAssemblyPath)\%(SharedLibraryContent.Identity)')) was evaluated as (!Exists('C:\Program Files (x86)\Microsoft SDKs\Windows Kits\10\ExtensionSDKs\Microsoft.NET.Native.Framework.1.3\1.3\x64\ret\AnalysisILToc\System.Runtime.Implementation.iltoc'))."
"Message",Low,"Task ""IlcErrorTask"" skipped, due to false condition; (!Exists('$(InputSharedAssemblyPath)\%(SharedLibraryContent.Identity)')) was evaluated as (!Exists('C:\Program Files (x86)\Microsoft SDKs\Windows Kits\10\ExtensionSDKs\Microsoft.NET.Native.Framework.1.3\1.3\x64\ret\AnalysisILToc\System.Text.RegularExpressions.iltoc'))."
"Message",Low,"Task ""IlcErrorTask"" skipped, due to false condition; (!Exists('$(InputSharedAssemblyPath)\%(SharedLibraryContent.Identity)')) was evaluated as (!Exists('C:\Program Files (x86)\Microsoft SDKs\Windows Kits\10\ExtensionSDKs\Microsoft.NET.Native.Framework.1.3\1.3\x64\ret\AnalysisILToc\System.Private.SharedLibrary.Interop.Generated.iltoc'))."
"Message",Low,"Task ""IlcErrorTask"" skipped, due to false condition; (!Exists('$(InputSharedAssemblyPath)\%(SharedLibraryContent.Identity)')) was evaluated as (!Exists('C:\Program Files (x86)\Microsoft SDKs\Windows Kits\10\ExtensionSDKs\Microsoft.NET.Native.Framework.1.3\1.3\x64\ret\AnalysisILToc\System.Collections.iltocpdb'))."
"Message",Low,"Task ""IlcErrorTask"" skipped, due to false condition; (!Exists('$(InputSharedAssemblyPath)\%(SharedLibraryContent.Identity)')) was evaluated as (!Exists('C:\Program Files (x86)\Microsoft SDKs\Windows Kits\10\ExtensionSDKs\Microsoft.NET.Native.Framework.1.3\1.3\x64\ret\AnalysisILToc\System.Collections.Concurrent.iltocpdb'))."
"Message",Low,"Task ""IlcErrorTask"" skipped, due to false condition; (!Exists('$(InputSharedAssemblyPath)\%(SharedLibraryContent.Identity)')) was evaluated as (!Exists('C:\Program Files (x86)\Microsoft SDKs\Windows Kits\10\ExtensionSDKs\Microsoft.NET.Native.Framework.1.3\1.3\x64\ret\AnalysisILToc\System.Diagnostics.Tracing.iltocpdb'))."
"Message",Low,"Task ""IlcErrorTask"" skipped, due to false condition; (!Exists('$(InputSharedAssemblyPath)\%(SharedLibraryContent.Identity)')) was evaluated as (!Exists('C:\Program Files (x86)\Microsoft SDKs\Windows Kits\10\ExtensionSDKs\Microsoft.NET.Native.Framework.1.3\1.3\x64\ret\AnalysisILToc\System.Dynamic.Runtime.iltocpdb'))."
"Message",Low,"Task ""IlcErrorTask"" skipped, due to false condition; (!Exists('$(InputSharedAssemblyPath)\%(SharedLibraryContent.Identity)')) was evaluated as (!Exists('C:\Program Files (x86)\Microsoft SDKs\Windows Kits\10\ExtensionSDKs\Microsoft.NET.Native.Framework.1.3\1.3\x64\ret\AnalysisILToc\System.IO.iltocpdb'))."
"Message",Low,"Task ""IlcErrorTask"" skipped, due to false condition; (!Exists('$(InputSharedAssemblyPath)\%(SharedLibraryContent.Identity)')) was evaluated as (!Exists('C:\Program Files (x86)\Microsoft SDKs\Windows Kits\10\ExtensionSDKs\Microsoft.NET.Native.Framework.1.3\1.3\x64\ret\AnalysisILToc\System.Linq.iltocpdb'))."
"Message",Low,"Task ""IlcErrorTask"" skipped, due to false condition; (!Exists('$(InputSharedAssemblyPath)\%(SharedLibraryContent.Identity)')) was evaluated as (!Exists('C:\Program Files (x86)\Microsoft SDKs\Windows Kits\10\ExtensionSDKs\Microsoft.NET.Native.Framework.1.3\1.3\x64\ret\AnalysisILToc\System.Linq.Expressions.iltocpdb'))."
"Message",Low,"Task ""IlcErrorTask"" skipped, due to false condition; (!Exists('$(InputSharedAssemblyPath)\%(SharedLibraryContent.Identity)')) was evaluated as (!Exists('C:\Program Files (x86)\Microsoft SDKs\Windows Kits\10\ExtensionSDKs\Microsoft.NET.Native.Framework.1.3\1.3\x64\ret\AnalysisILToc\System.ObjectModel.iltocpdb'))."
"Message",Low,"Task ""IlcErrorTask"" skipped, due to false condition; (!Exists('$(InputSharedAssemblyPath)\%(SharedLibraryContent.Identity)')) was evaluated as (!Exists('C:\Program Files (x86)\Microsoft SDKs\Windows Kits\10\ExtensionSDKs\Microsoft.NET.Native.Framework.1.3\1.3\x64\ret\AnalysisILToc\System.Private.CoreLib.iltocpdb'))."
"Message",Low,"Task ""IlcErrorTask"" skipped, due to false condition; (!Exists('$(InputSharedAssemblyPath)\%(SharedLibraryContent.Identity)')) was evaluated as (!Exists('C:\Program Files (x86)\Microsoft SDKs\Windows Kits\10\ExtensionSDKs\Microsoft.NET.Native.Framework.1.3\1.3\x64\ret\AnalysisILToc\System.Private.Interop.iltocpdb'))."
"Message",Low,"Task ""IlcErrorTask"" skipped, due to false condition; (!Exists('$(InputSharedAssemblyPath)\%(SharedLibraryContent.Identity)')) was evaluated as (!Exists('C:\Program Files (x86)\Microsoft SDKs\Windows Kits\10\ExtensionSDKs\Microsoft.NET.Native.Framework.1.3\1.3\x64\ret\AnalysisILToc\System.Private.Reflection.iltocpdb'))."
"Message",Low,"Task ""IlcErrorTask"" skipped, due to false condition; (!Exists('$(InputSharedAssemblyPath)\%(SharedLibraryContent.Identity)')) was evaluated as (!Exists('C:\Program Files (x86)\Microsoft SDKs\Windows Kits\10\ExtensionSDKs\Microsoft.NET.Native.Framework.1.3\1.3\x64\ret\AnalysisILToc\System.Private.Reflection.Core.iltocpdb'))."
"Message",Low,"Task ""IlcErrorTask"" skipped, due to false condition; (!Exists('$(InputSharedAssemblyPath)\%(SharedLibraryContent.Identity)')) was evaluated as (!Exists('C:\Program Files (x86)\Microsoft SDKs\Windows Kits\10\ExtensionSDKs\Microsoft.NET.Native.Framework.1.3\1.3\x64\ret\AnalysisILToc\System.Private.Reflection.Execution.iltocpdb'))."
"Message",Low,"Task ""IlcErrorTask"" skipped, due to false condition; (!Exists('$(InputSharedAssemblyPath)\%(SharedLibraryContent.Identity)')) was evaluated as (!Exists('C:\Program Files (x86)\Microsoft SDKs\Windows Kits\10\ExtensionSDKs\Microsoft.NET.Native.Framework.1.3\1.3\x64\ret\AnalysisILToc\System.Private.Reflection.Metadata.iltocpdb'))."
"Message",Low,"Task ""IlcErrorTask"" skipped, due to false condition; (!Exists('$(InputSharedAssemblyPath)\%(SharedLibraryContent.Identity)')) was evaluated as (!Exists('C:\Program Files (x86)\Microsoft SDKs\Windows Kits\10\ExtensionSDKs\Microsoft.NET.Native.Framework.1.3\1.3\x64\ret\AnalysisILToc\System.Private.Threading.iltocpdb'))."
"Message",Low,"Task ""IlcErrorTask"" skipped, due to false condition; (!Exists('$(InputSharedAssemblyPath)\%(SharedLibraryContent.Identity)')) was evaluated as (!Exists('C:\Program Files (x86)\Microsoft SDKs\Windows Kits\10\ExtensionSDKs\Microsoft.NET.Native.Framework.1.3\1.3\x64\ret\AnalysisILToc\System.Private.TypeLoader.iltocpdb'))."
"Message",Low,"Task ""IlcErrorTask"" skipped, due to false condition; (!Exists('$(InputSharedAssemblyPath)\%(SharedLibraryContent.Identity)')) was evaluated as (!Exists('C:\Program Files (x86)\Microsoft SDKs\Windows Kits\10\ExtensionSDKs\Microsoft.NET.Native.Framework.1.3\1.3\x64\ret\AnalysisILToc\System.Private.Uri.iltocpdb'))."
"Message",Low,"Task ""IlcErrorTask"" skipped, due to false condition; (!Exists('$(InputSharedAssemblyPath)\%(SharedLibraryContent.Identity)')) was evaluated as (!Exists('C:\Program Files (x86)\Microsoft SDKs\Windows Kits\10\ExtensionSDKs\Microsoft.NET.Native.Framework.1.3\1.3\x64\ret\AnalysisILToc\System.Reflection.Extensions.iltocpdb'))."
"Message",Low,"Task ""IlcErrorTask"" skipped, due to false condition; (!Exists('$(InputSharedAssemblyPath)\%(SharedLibraryContent.Identity)')) was evaluated as (!Exists('C:\Program Files (x86)\Microsoft SDKs\Windows Kits\10\ExtensionSDKs\Microsoft.NET.Native.Framework.1.3\1.3\x64\ret\AnalysisILToc\System.Reflection.Primitives.iltocpdb'))."
"Message",Low,"Task ""IlcErrorTask"" skipped, due to false condition; (!Exists('$(InputSharedAssemblyPath)\%(SharedLibraryContent.Identity)')) was evaluated as (!Exists('C:\Program Files (x86)\Microsoft SDKs\Windows Kits\10\ExtensionSDKs\Microsoft.NET.Native.Framework.1.3\1.3\x64\ret\AnalysisILToc\System.Reflection.TypeExtensions.iltocpdb'))."
"Message",Low,"Task ""IlcErrorTask"" skipped, due to false condition; (!Exists('$(InputSharedAssemblyPath)\%(SharedLibraryContent.Identity)')) was evaluated as (!Exists('C:\Program Files (x86)\Microsoft SDKs\Windows Kits\10\ExtensionSDKs\Microsoft.NET.Native.Framework.1.3\1.3\x64\ret\AnalysisILToc\System.Resources.ResourceManager.iltocpdb'))."
"Message",Low,"Task ""IlcErrorTask"" skipped, due to false condition; (!Exists('$(InputSharedAssemblyPath)\%(SharedLibraryContent.Identity)')) was evaluated as (!Exists('C:\Program Files (x86)\Microsoft SDKs\Windows Kits\10\ExtensionSDKs\Microsoft.NET.Native.Framework.1.3\1.3\x64\ret\AnalysisILToc\System.Runtime.Extensions.iltocpdb'))."
"Message",Low,"Task ""IlcErrorTask"" skipped, due to false condition; (!Exists('$(InputSharedAssemblyPath)\%(SharedLibraryContent.Identity)')) was evaluated as (!Exists('C:\Program Files (x86)\Microsoft SDKs\Windows Kits\10\ExtensionSDKs\Microsoft.NET.Native.Framework.1.3\1.3\x64\ret\AnalysisILToc\System.Runtime.Implementation.iltocpdb'))."
"Message",Low,"Task ""IlcErrorTask"" skipped, due to false condition; (!Exists('$(InputSharedAssemblyPath)\%(SharedLibraryContent.Identity)')) was evaluated as (!Exists('C:\Program Files (x86)\Microsoft SDKs\Windows Kits\10\ExtensionSDKs\Microsoft.NET.Native.Framework.1.3\1.3\x64\ret\AnalysisILToc\System.Text.RegularExpressions.iltocpdb'))."
"Message",Low,"Task ""IlcErrorTask"" skipped, due to false condition; (!Exists('$(InputSharedAssemblyPath)\%(SharedLibraryContent.Identity)')) was evaluated as (!Exists('C:\Program Files (x86)\Microsoft SDKs\Windows Kits\10\ExtensionSDKs\Microsoft.NET.Native.Framework.1.3\1.3\x64\ret\AnalysisILToc\System.Private.SharedLibrary.Interop.Generated.iltocpdb'))."
"Message",Low,"Task ""IlcErrorTask"" skipped, due to false condition; (!Exists('$(InputSharedAssemblyPath)\%(SharedLibraryContent.Identity)')) was evaluated as (!Exists('C:\Program Files (x86)\Microsoft SDKs\Windows Kits\10\ExtensionSDKs\Microsoft.NET.Native.Framework.1.3\1.3\x64\ret\ILToc\System.Collections.iltoc'))."
"Message",Low,"Task ""IlcErrorTask"" skipped, due to false condition; (!Exists('$(InputSharedAssemblyPath)\%(SharedLibraryContent.Identity)')) was evaluated as (!Exists('C:\Program Files (x86)\Microsoft SDKs\Windows Kits\10\ExtensionSDKs\Microsoft.NET.Native.Framework.1.3\1.3\x64\ret\ILToc\System.Collections.Concurrent.iltoc'))."
"Message",Low,"Task ""IlcErrorTask"" skipped, due to false condition; (!Exists('$(InputSharedAssemblyPath)\%(SharedLibraryContent.Identity)')) was evaluated as (!Exists('C:\Program Files (x86)\Microsoft SDKs\Windows Kits\10\ExtensionSDKs\Microsoft.NET.Native.Framework.1.3\1.3\x64\ret\ILToc\System.Diagnostics.Tracing.iltoc'))."
"Message",Low,"Task ""IlcErrorTask"" skipped, due to false condition; (!Exists('$(InputSharedAssemblyPath)\%(SharedLibraryContent.Identity)')) was evaluated as (!Exists('C:\Program Files (x86)\Microsoft SDKs\Windows Kits\10\ExtensionSDKs\Microsoft.NET.Native.Framework.1.3\1.3\x64\ret\ILToc\System.Dynamic.Runtime.iltoc'))."
"Message",Low,"Task ""IlcErrorTask"" skipped, due to false condition; (!Exists('$(InputSharedAssemblyPath)\%(SharedLibraryContent.Identity)')) was evaluated as (!Exists('C:\Program Files (x86)\Microsoft SDKs\Windows Kits\10\ExtensionSDKs\Microsoft.NET.Native.Framework.1.3\1.3\x64\ret\ILToc\System.IO.iltoc'))."
"Message",Low,"Task ""IlcErrorTask"" skipped, due to false condition; (!Exists('$(InputSharedAssemblyPath)\%(SharedLibraryContent.Identity)')) was evaluated as (!Exists('C:\Program Files (x86)\Microsoft SDKs\Windows Kits\10\ExtensionSDKs\Microsoft.NET.Native.Framework.1.3\1.3\x64\ret\ILToc\System.Linq.iltoc'))."
"Message",Low,"Task ""IlcErrorTask"" skipped, due to false condition; (!Exists('$(InputSharedAssemblyPath)\%(SharedLibraryContent.Identity)')) was evaluated as (!Exists('C:\Program Files (x86)\Microsoft SDKs\Windows Kits\10\ExtensionSDKs\Microsoft.NET.Native.Framework.1.3\1.3\x64\ret\ILToc\System.Linq.Expressions.iltoc'))."
"Message",Low,"Task ""IlcErrorTask"" skipped, due to false condition; (!Exists('$(InputSharedAssemblyPath)\%(SharedLibraryContent.Identity)')) was evaluated as (!Exists('C:\Program Files (x86)\Microsoft SDKs\Windows Kits\10\ExtensionSDKs\Microsoft.NET.Native.Framework.1.3\1.3\x64\ret\ILToc\System.ObjectModel.iltoc'))."
"Message",Low,"Task ""IlcErrorTask"" skipped, due to false condition; (!Exists('$(InputSharedAssemblyPath)\%(SharedLibraryContent.Identity)')) was evaluated as (!Exists('C:\Program Files (x86)\Microsoft SDKs\Windows Kits\10\ExtensionSDKs\Microsoft.NET.Native.Framework.1.3\1.3\x64\ret\ILToc\System.Private.CoreLib.iltoc'))."
"Message",Low,"Task ""IlcErrorTask"" skipped, due to false condition; (!Exists('$(InputSharedAssemblyPath)\%(SharedLibraryContent.Identity)')) was evaluated as (!Exists('C:\Program Files (x86)\Microsoft SDKs\Windows Kits\10\ExtensionSDKs\Microsoft.NET.Native.Framework.1.3\1.3\x64\ret\ILToc\System.Private.Interop.iltoc'))."
"Message",Low,"Task ""IlcErrorTask"" skipped, due to false condition; (!Exists('$(InputSharedAssemblyPath)\%(SharedLibraryContent.Identity)')) was evaluated as (!Exists('C:\Program Files (x86)\Microsoft SDKs\Windows Kits\10\ExtensionSDKs\Microsoft.NET.Native.Framework.1.3\1.3\x64\ret\ILToc\System.Private.Reflection.iltoc'))."
"Message",Low,"Task ""IlcErrorTask"" skipped, due to false condition; (!Exists('$(InputSharedAssemblyPath)\%(SharedLibraryContent.Identity)')) was evaluated as (!Exists('C:\Program Files (x86)\Microsoft SDKs\Windows Kits\10\ExtensionSDKs\Microsoft.NET.Native.Framework.1.3\1.3\x64\ret\ILToc\System.Private.Reflection.Core.iltoc'))."
"Message",Low,"Task ""IlcErrorTask"" skipped, due to false condition; (!Exists('$(InputSharedAssemblyPath)\%(SharedLibraryContent.Identity)')) was evaluated as (!Exists('C:\Program Files (x86)\Microsoft SDKs\Windows Kits\10\ExtensionSDKs\Microsoft.NET.Native.Framework.1.3\1.3\x64\ret\ILToc\System.Private.Reflection.Execution.iltoc'))."
"Message",Low,"Task ""IlcErrorTask"" skipped, due to false condition; (!Exists('$(InputSharedAssemblyPath)\%(SharedLibraryContent.Identity)')) was evaluated as (!Exists('C:\Program Files (x86)\Microsoft SDKs\Windows Kits\10\ExtensionSDKs\Microsoft.NET.Native.Framework.1.3\1.3\x64\ret\ILToc\System.Private.Reflection.Metadata.iltoc'))."
"Message",Low,"Task ""IlcErrorTask"" skipped, due to false condition; (!Exists('$(InputSharedAssemblyPath)\%(SharedLibraryContent.Identity)')) was evaluated as (!Exists('C:\Program Files (x86)\Microsoft SDKs\Windows Kits\10\ExtensionSDKs\Microsoft.NET.Native.Framework.1.3\1.3\x64\ret\ILToc\System.Private.Threading.iltoc'))."
"Message",Low,"Task ""IlcErrorTask"" skipped, due to false condition; (!Exists('$(InputSharedAssemblyPath)\%(SharedLibraryContent.Identity)')) was evaluated as (!Exists('C:\Program Files (x86)\Microsoft SDKs\Windows Kits\10\ExtensionSDKs\Microsoft.NET.Native.Framework.1.3\1.3\x64\ret\ILToc\System.Private.TypeLoader.iltoc'))."
"Message",Low,"Task ""IlcErrorTask"" skipped, due to false condition; (!Exists('$(InputSharedAssemblyPath)\%(SharedLibraryContent.Identity)')) was evaluated as (!Exists('C:\Program Files (x86)\Microsoft SDKs\Windows Kits\10\ExtensionSDKs\Microsoft.NET.Native.Framework.1.3\1.3\x64\ret\ILToc\System.Private.Uri.iltoc'))."
"Message",Low,"Task ""IlcErrorTask"" skipped, due to false condition; (!Exists('$(InputSharedAssemblyPath)\%(SharedLibraryContent.Identity)')) was evaluated as (!Exists('C:\Program Files (x86)\Microsoft SDKs\Windows Kits\10\ExtensionSDKs\Microsoft.NET.Native.Framework.1.3\1.3\x64\ret\ILToc\System.Reflection.Extensions.iltoc'))."
"Message",Low,"Task ""IlcErrorTask"" skipped, due to false condition; (!Exists('$(InputSharedAssemblyPath)\%(SharedLibraryContent.Identity)')) was evaluated as (!Exists('C:\Program Files (x86)\Microsoft SDKs\Windows Kits\10\ExtensionSDKs\Microsoft.NET.Native.Framework.1.3\1.3\x64\ret\ILToc\System.Reflection.Primitives.iltoc'))."
"Message",Low,"Task ""IlcErrorTask"" skipped, due to false condition; (!Exists('$(InputSharedAssemblyPath)\%(SharedLibraryContent.Identity)')) was evaluated as (!Exists('C:\Program Files (x86)\Microsoft SDKs\Windows Kits\10\ExtensionSDKs\Microsoft.NET.Native.Framework.1.3\1.3\x64\ret\ILToc\System.Reflection.TypeExtensions.iltoc'))."
"Message",Low,"Task ""IlcErrorTask"" skipped, due to false condition; (!Exists('$(InputSharedAssemblyPath)\%(SharedLibraryContent.Identity)')) was evaluated as (!Exists('C:\Program Files (x86)\Microsoft SDKs\Windows Kits\10\ExtensionSDKs\Microsoft.NET.Native.Framework.1.3\1.3\x64\ret\ILToc\System.Resources.ResourceManager.iltoc'))."
"Message",Low,"Task ""IlcErrorTask"" skipped, due to false condition; (!Exists('$(InputSharedAssemblyPath)\%(SharedLibraryContent.Identity)')) was evaluated as (!Exists('C:\Program Files (x86)\Microsoft SDKs\Windows Kits\10\ExtensionSDKs\Microsoft.NET.Native.Framework.1.3\1.3\x64\ret\ILToc\System.Runtime.Extensions.iltoc'))."
"Message",Low,"Task ""IlcErrorTask"" skipped, due to false condition; (!Exists('$(InputSharedAssemblyPath)\%(SharedLibraryContent.Identity)')) was evaluated as (!Exists('C:\Program Files (x86)\Microsoft SDKs\Windows Kits\10\ExtensionSDKs\Microsoft.NET.Native.Framework.1.3\1.3\x64\ret\ILToc\System.Runtime.Implementation.iltoc'))."
"Message",Low,"Task ""IlcErrorTask"" skipped, due to false condition; (!Exists('$(InputSharedAssemblyPath)\%(SharedLibraryContent.Identity)')) was evaluated as (!Exists('C:\Program Files (x86)\Microsoft SDKs\Windows Kits\10\ExtensionSDKs\Microsoft.NET.Native.Framework.1.3\1.3\x64\ret\ILToc\System.Text.RegularExpressions.iltoc'))."
"Message",Low,"Task ""IlcErrorTask"" skipped, due to false condition; (!Exists('$(InputSharedAssemblyPath)\%(SharedLibraryContent.Identity)')) was evaluated as (!Exists('C:\Program Files (x86)\Microsoft SDKs\Windows Kits\10\ExtensionSDKs\Microsoft.NET.Native.Framework.1.3\1.3\x64\ret\ILToc\System.Private.SharedLibrary.Interop.Generated.iltoc'))."
"Message",Low,"Task ""IlcErrorTask"" skipped, due to false condition; (!Exists('$(InputSharedAssemblyPath)\%(SharedLibraryContent.Identity)')) was evaluated as (!Exists('C:\Program Files (x86)\Microsoft SDKs\Windows Kits\10\ExtensionSDKs\Microsoft.NET.Native.Framework.1.3\1.3\x64\ret\ILToc\System.Collections.iltocpdb'))."
"Message",Low,"Task ""IlcErrorTask"" skipped, due to false condition; (!Exists('$(InputSharedAssemblyPath)\%(SharedLibraryContent.Identity)')) was evaluated as (!Exists('C:\Program Files (x86)\Microsoft SDKs\Windows Kits\10\ExtensionSDKs\Microsoft.NET.Native.Framework.1.3\1.3\x64\ret\ILToc\System.Collections.Concurrent.iltocpdb'))."
"Message",Low,"Task ""IlcErrorTask"" skipped, due to false condition; (!Exists('$(InputSharedAssemblyPath)\%(SharedLibraryContent.Identity)')) was evaluated as (!Exists('C:\Program Files (x86)\Microsoft SDKs\Windows Kits\10\ExtensionSDKs\Microsoft.NET.Native.Framework.1.3\1.3\x64\ret\ILToc\System.Diagnostics.Tracing.iltocpdb'))."
"Message",Low,"Task ""IlcErrorTask"" skipped, due to false condition; (!Exists('$(InputSharedAssemblyPath)\%(SharedLibraryContent.Identity)')) was evaluated as (!Exists('C:\Program Files (x86)\Microsoft SDKs\Windows Kits\10\ExtensionSDKs\Microsoft.NET.Native.Framework.1.3\1.3\x64\ret\ILToc\System.Dynamic.Runtime.iltocpdb'))."
"Message",Low,"Task ""IlcErrorTask"" skipped, due to false condition; (!Exists('$(InputSharedAssemblyPath)\%(SharedLibraryContent.Identity)')) was evaluated as (!Exists('C:\Program Files (x86)\Microsoft SDKs\Windows Kits\10\ExtensionSDKs\Microsoft.NET.Native.Framework.1.3\1.3\x64\ret\ILToc\System.IO.iltocpdb'))."
"Message",Low,"Task ""IlcErrorTask"" skipped, due to false condition; (!Exists('$(InputSharedAssemblyPath)\%(SharedLibraryContent.Identity)')) was evaluated as (!Exists('C:\Program Files (x86)\Microsoft SDKs\Windows Kits\10\ExtensionSDKs\Microsoft.NET.Native.Framework.1.3\1.3\x64\ret\ILToc\System.Linq.iltocpdb'))."
"Message",Low,"Task ""IlcErrorTask"" skipped, due to false condition; (!Exists('$(InputSharedAssemblyPath)\%(SharedLibraryContent.Identity)')) was evaluated as (!Exists('C:\Program Files (x86)\Microsoft SDKs\Windows Kits\10\ExtensionSDKs\Microsoft.NET.Native.Framework.1.3\1.3\x64\ret\ILToc\System.Linq.Expressions.iltocpdb'))."
"Message",Low,"Task ""IlcErrorTask"" skipped, due to false condition; (!Exists('$(InputSharedAssemblyPath)\%(SharedLibraryContent.Identity)')) was evaluated as (!Exists('C:\Program Files (x86)\Microsoft SDKs\Windows Kits\10\ExtensionSDKs\Microsoft.NET.Native.Framework.1.3\1.3\x64\ret\ILToc\System.ObjectModel.iltocpdb'))."
"Message",Low,"Task ""IlcErrorTask"" skipped, due to false condition; (!Exists('$(InputSharedAssemblyPath)\%(SharedLibraryContent.Identity)')) was evaluated as (!Exists('C:\Program Files (x86)\Microsoft SDKs\Windows Kits\10\ExtensionSDKs\Microsoft.NET.Native.Framework.1.3\1.3\x64\ret\ILToc\System.Private.CoreLib.iltocpdb'))."
"Message",Low,"Task ""IlcErrorTask"" skipped, due to false condition; (!Exists('$(InputSharedAssemblyPath)\%(SharedLibraryContent.Identity)')) was evaluated as (!Exists('C:\Program Files (x86)\Microsoft SDKs\Windows Kits\10\ExtensionSDKs\Microsoft.NET.Native.Framework.1.3\1.3\x64\ret\ILToc\System.Private.Interop.iltocpdb'))."
"Message",Low,"Task ""IlcErrorTask"" skipped, due to false condition; (!Exists('$(InputSharedAssemblyPath)\%(SharedLibraryContent.Identity)')) was evaluated as (!Exists('C:\Program Files (x86)\Microsoft SDKs\Windows Kits\10\ExtensionSDKs\Microsoft.NET.Native.Framework.1.3\1.3\x64\ret\ILToc\System.Private.Reflection.iltocpdb'))."
"Message",Low,"Task ""IlcErrorTask"" skipped, due to false condition; (!Exists('$(InputSharedAssemblyPath)\%(SharedLibraryContent.Identity)')) was evaluated as (!Exists('C:\Program Files (x86)\Microsoft SDKs\Windows Kits\10\ExtensionSDKs\Microsoft.NET.Native.Framework.1.3\1.3\x64\ret\ILToc\System.Private.Reflection.Core.iltocpdb'))."
"Message",Low,"Task ""IlcErrorTask"" skipped, due to false condition; (!Exists('$(InputSharedAssemblyPath)\%(SharedLibraryContent.Identity)')) was evaluated as (!Exists('C:\Program Files (x86)\Microsoft SDKs\Windows Kits\10\ExtensionSDKs\Microsoft.NET.Native.Framework.1.3\1.3\x64\ret\ILToc\System.Private.Reflection.Execution.iltocpdb'))."
"Message",Low,"Task ""IlcErrorTask"" skipped, due to false condition; (!Exists('$(InputSharedAssemblyPath)\%(SharedLibraryContent.Identity)')) was evaluated as (!Exists('C:\Program Files (x86)\Microsoft SDKs\Windows Kits\10\ExtensionSDKs\Microsoft.NET.Native.Framework.1.3\1.3\x64\ret\ILToc\System.Private.Reflection.Metadata.iltocpdb'))."
"Message",Low,"Task ""IlcErrorTask"" skipped, due to false condition; (!Exists('$(InputSharedAssemblyPath)\%(SharedLibraryContent.Identity)')) was evaluated as (!Exists('C:\Program Files (x86)\Microsoft SDKs\Windows Kits\10\ExtensionSDKs\Microsoft.NET.Native.Framework.1.3\1.3\x64\ret\ILToc\System.Private.Threading.iltocpdb'))."
"Message",Low,"Task ""IlcErrorTask"" skipped, due to false condition; (!Exists('$(InputSharedAssemblyPath)\%(SharedLibraryContent.Identity)')) was evaluated as (!Exists('C:\Program Files (x86)\Microsoft SDKs\Windows Kits\10\ExtensionSDKs\Microsoft.NET.Native.Framework.1.3\1.3\x64\ret\ILToc\System.Private.TypeLoader.iltocpdb'))."
"Message",Low,"Task ""IlcErrorTask"" skipped, due to false condition; (!Exists('$(InputSharedAssemblyPath)\%(SharedLibraryContent.Identity)')) was evaluated as (!Exists('C:\Program Files (x86)\Microsoft SDKs\Windows Kits\10\ExtensionSDKs\Microsoft.NET.Native.Framework.1.3\1.3\x64\ret\ILToc\System.Private.Uri.iltocpdb'))."
"Message",Low,"Task ""IlcErrorTask"" skipped, due to false condition; (!Exists('$(InputSharedAssemblyPath)\%(SharedLibraryContent.Identity)')) was evaluated as (!Exists('C:\Program Files (x86)\Microsoft SDKs\Windows Kits\10\ExtensionSDKs\Microsoft.NET.Native.Framework.1.3\1.3\x64\ret\ILToc\System.Reflection.Extensions.iltocpdb'))."
"Message",Low,"Task ""IlcErrorTask"" skipped, due to false condition; (!Exists('$(InputSharedAssemblyPath)\%(SharedLibraryContent.Identity)')) was evaluated as (!Exists('C:\Program Files (x86)\Microsoft SDKs\Windows Kits\10\ExtensionSDKs\Microsoft.NET.Native.Framework.1.3\1.3\x64\ret\ILToc\System.Reflection.Primitives.iltocpdb'))."
"Message",Low,"Task ""IlcErrorTask"" skipped, due to false condition; (!Exists('$(InputSharedAssemblyPath)\%(SharedLibraryContent.Identity)')) was evaluated as (!Exists('C:\Program Files (x86)\Microsoft SDKs\Windows Kits\10\ExtensionSDKs\Microsoft.NET.Native.Framework.1.3\1.3\x64\ret\ILToc\System.Reflection.TypeExtensions.iltocpdb'))."
"Message",Low,"Task ""IlcErrorTask"" skipped, due to false condition; (!Exists('$(InputSharedAssemblyPath)\%(SharedLibraryContent.Identity)')) was evaluated as (!Exists('C:\Program Files (x86)\Microsoft SDKs\Windows Kits\10\ExtensionSDKs\Microsoft.NET.Native.Framework.1.3\1.3\x64\ret\ILToc\System.Resources.ResourceManager.iltocpdb'))."
"Message",Low,"Task ""IlcErrorTask"" skipped, due to false condition; (!Exists('$(InputSharedAssemblyPath)\%(SharedLibraryContent.Identity)')) was evaluated as (!Exists('C:\Program Files (x86)\Microsoft SDKs\Windows Kits\10\ExtensionSDKs\Microsoft.NET.Native.Framework.1.3\1.3\x64\ret\ILToc\System.Runtime.Extensions.iltocpdb'))."
"Message",Low,"Task ""IlcErrorTask"" skipped, due to false condition; (!Exists('$(InputSharedAssemblyPath)\%(SharedLibraryContent.Identity)')) was evaluated as (!Exists('C:\Program Files (x86)\Microsoft SDKs\Windows Kits\10\ExtensionSDKs\Microsoft.NET.Native.Framework.1.3\1.3\x64\ret\ILToc\System.Runtime.Implementation.iltocpdb'))."
"Message",Low,"Task ""IlcErrorTask"" skipped, due to false condition; (!Exists('$(InputSharedAssemblyPath)\%(SharedLibraryContent.Identity)')) was evaluated as (!Exists('C:\Program Files (x86)\Microsoft SDKs\Windows Kits\10\ExtensionSDKs\Microsoft.NET.Native.Framework.1.3\1.3\x64\ret\ILToc\System.Text.RegularExpressions.iltocpdb'))."
"Message",Low,"Task ""IlcErrorTask"" skipped, due to false condition; (!Exists('$(InputSharedAssemblyPath)\%(SharedLibraryContent.Identity)')) was evaluated as (!Exists('C:\Program Files (x86)\Microsoft SDKs\Windows Kits\10\ExtensionSDKs\Microsoft.NET.Native.Framework.1.3\1.3\x64\ret\ILToc\System.Private.SharedLibrary.Interop.Generated.iltocpdb'))."
"Message",Low,"Task ""IlcErrorTask"" skipped, due to false condition; (!Exists('$(InputSharedAssemblyPath)\%(SharedLibraryContent.Identity)')) was evaluated as (!Exists('C:\Program Files (x86)\Microsoft SDKs\Windows Kits\10\ExtensionSDKs\Microsoft.NET.Native.Framework.1.3\1.3\x64\ret\ILTransformed\System.Collections.ildll'))."
"Message",Low,"Task ""IlcErrorTask"" skipped, due to false condition; (!Exists('$(InputSharedAssemblyPath)\%(SharedLibraryContent.Identity)')) was evaluated as (!Exists('C:\Program Files (x86)\Microsoft SDKs\Windows Kits\10\ExtensionSDKs\Microsoft.NET.Native.Framework.1.3\1.3\x64\ret\ILTransformed\System.Collections.Concurrent.ildll'))."
"Message",Low,"Task ""IlcErrorTask"" skipped, due to false condition; (!Exists('$(InputSharedAssemblyPath)\%(SharedLibraryContent.Identity)')) was evaluated as (!Exists('C:\Program Files (x86)\Microsoft SDKs\Windows Kits\10\ExtensionSDKs\Microsoft.NET.Native.Framework.1.3\1.3\x64\ret\ILTransformed\System.Diagnostics.Tracing.ildll'))."
"Message",Low,"Task ""IlcErrorTask"" skipped, due to false condition; (!Exists('$(InputSharedAssemblyPath)\%(SharedLibraryContent.Identity)')) was evaluated as (!Exists('C:\Program Files (x86)\Microsoft SDKs\Windows Kits\10\ExtensionSDKs\Microsoft.NET.Native.Framework.1.3\1.3\x64\ret\ILTransformed\System.Dynamic.Runtime.ildll'))."
"Message",Low,"Task ""IlcErrorTask"" skipped, due to false condition; (!Exists('$(InputSharedAssemblyPath)\%(SharedLibraryContent.Identity)')) was evaluated as (!Exists('C:\Program Files (x86)\Microsoft SDKs\Windows Kits\10\ExtensionSDKs\Microsoft.NET.Native.Framework.1.3\1.3\x64\ret\ILTransformed\System.IO.ildll'))."
"Message",Low,"Task ""IlcErrorTask"" skipped, due to false condition; (!Exists('$(InputSharedAssemblyPath)\%(SharedLibraryContent.Identity)')) was evaluated as (!Exists('C:\Program Files (x86)\Microsoft SDKs\Windows Kits\10\ExtensionSDKs\Microsoft.NET.Native.Framework.1.3\1.3\x64\ret\ILTransformed\System.Linq.ildll'))."
"Message",Low,"Task ""IlcErrorTask"" skipped, due to false condition; (!Exists('$(InputSharedAssemblyPath)\%(SharedLibraryContent.Identity)')) was evaluated as (!Exists('C:\Program Files (x86)\Microsoft SDKs\Windows Kits\10\ExtensionSDKs\Microsoft.NET.Native.Framework.1.3\1.3\x64\ret\ILTransformed\System.Linq.Expressions.ildll'))."
"Message",Low,"Task ""IlcErrorTask"" skipped, due to false condition; (!Exists('$(InputSharedAssemblyPath)\%(SharedLibraryContent.Identity)')) was evaluated as (!Exists('C:\Program Files (x86)\Microsoft SDKs\Windows Kits\10\ExtensionSDKs\Microsoft.NET.Native.Framework.1.3\1.3\x64\ret\ILTransformed\System.ObjectModel.ildll'))."
"Message",Low,"Task ""IlcErrorTask"" skipped, due to false condition; (!Exists('$(InputSharedAssemblyPath)\%(SharedLibraryContent.Identity)')) was evaluated as (!Exists('C:\Program Files (x86)\Microsoft SDKs\Windows Kits\10\ExtensionSDKs\Microsoft.NET.Native.Framework.1.3\1.3\x64\ret\ILTransformed\System.Private.CoreLib.ildll'))."
"Message",Low,"Task ""IlcErrorTask"" skipped, due to false condition; (!Exists('$(InputSharedAssemblyPath)\%(SharedLibraryContent.Identity)')) was evaluated as (!Exists('C:\Program Files (x86)\Microsoft SDKs\Windows Kits\10\ExtensionSDKs\Microsoft.NET.Native.Framework.1.3\1.3\x64\ret\ILTransformed\System.Private.Interop.ildll'))."
"Message",Low,"Task ""IlcErrorTask"" skipped, due to false condition; (!Exists('$(InputSharedAssemblyPath)\%(SharedLibraryContent.Identity)')) was evaluated as (!Exists('C:\Program Files (x86)\Microsoft SDKs\Windows Kits\10\ExtensionSDKs\Microsoft.NET.Native.Framework.1.3\1.3\x64\ret\ILTransformed\System.Private.Reflection.ildll'))."
"Message",Low,"Task ""IlcErrorTask"" skipped, due to false condition; (!Exists('$(InputSharedAssemblyPath)\%(SharedLibraryContent.Identity)')) was evaluated as (!Exists('C:\Program Files (x86)\Microsoft SDKs\Windows Kits\10\ExtensionSDKs\Microsoft.NET.Native.Framework.1.3\1.3\x64\ret\ILTransformed\System.Private.Reflection.Core.ildll'))."
"Message",Low,"Task ""IlcErrorTask"" skipped, due to false condition; (!Exists('$(InputSharedAssemblyPath)\%(SharedLibraryContent.Identity)')) was evaluated as (!Exists('C:\Program Files (x86)\Microsoft SDKs\Windows Kits\10\ExtensionSDKs\Microsoft.NET.Native.Framework.1.3\1.3\x64\ret\ILTransformed\System.Private.Reflection.Execution.ildll'))."
"Message",Low,"Task ""IlcErrorTask"" skipped, due to false condition; (!Exists('$(InputSharedAssemblyPath)\%(SharedLibraryContent.Identity)')) was evaluated as (!Exists('C:\Program Files (x86)\Microsoft SDKs\Windows Kits\10\ExtensionSDKs\Microsoft.NET.Native.Framework.1.3\1.3\x64\ret\ILTransformed\System.Private.Reflection.Metadata.ildll'))."
"Message",Low,"Task ""IlcErrorTask"" skipped, due to false condition; (!Exists('$(InputSharedAssemblyPath)\%(SharedLibraryContent.Identity)')) was evaluated as (!Exists('C:\Program Files (x86)\Microsoft SDKs\Windows Kits\10\ExtensionSDKs\Microsoft.NET.Native.Framework.1.3\1.3\x64\ret\ILTransformed\System.Private.Threading.ildll'))."
"Message",Low,"Task ""IlcErrorTask"" skipped, due to false condition; (!Exists('$(InputSharedAssemblyPath)\%(SharedLibraryContent.Identity)')) was evaluated as (!Exists('C:\Program Files (x86)\Microsoft SDKs\Windows Kits\10\ExtensionSDKs\Microsoft.NET.Native.Framework.1.3\1.3\x64\ret\ILTransformed\System.Private.TypeLoader.ildll'))."
"Message",Low,"Task ""IlcErrorTask"" skipped, due to false condition; (!Exists('$(InputSharedAssemblyPath)\%(SharedLibraryContent.Identity)')) was evaluated as (!Exists('C:\Program Files (x86)\Microsoft SDKs\Windows Kits\10\ExtensionSDKs\Microsoft.NET.Native.Framework.1.3\1.3\x64\ret\ILTransformed\System.Private.Uri.ildll'))."
"Message",Low,"Task ""IlcErrorTask"" skipped, due to false condition; (!Exists('$(InputSharedAssemblyPath)\%(SharedLibraryContent.Identity)')) was evaluated as (!Exists('C:\Program Files (x86)\Microsoft SDKs\Windows Kits\10\ExtensionSDKs\Microsoft.NET.Native.Framework.1.3\1.3\x64\ret\ILTransformed\System.Reflection.Extensions.ildll'))."
"Message",Low,"Task ""IlcErrorTask"" skipped, due to false condition; (!Exists('$(InputSharedAssemblyPath)\%(SharedLibraryContent.Identity)')) was evaluated as (!Exists('C:\Program Files (x86)\Microsoft SDKs\Windows Kits\10\ExtensionSDKs\Microsoft.NET.Native.Framework.1.3\1.3\x64\ret\ILTransformed\System.Reflection.Primitives.ildll'))."
"Message",Low,"Task ""IlcErrorTask"" skipped, due to false condition; (!Exists('$(InputSharedAssemblyPath)\%(SharedLibraryContent.Identity)')) was evaluated as (!Exists('C:\Program Files (x86)\Microsoft SDKs\Windows Kits\10\ExtensionSDKs\Microsoft.NET.Native.Framework.1.3\1.3\x64\ret\ILTransformed\System.Reflection.TypeExtensions.ildll'))."
"Message",Low,"Task ""IlcErrorTask"" skipped, due to false condition; (!Exists('$(InputSharedAssemblyPath)\%(SharedLibraryContent.Identity)')) was evaluated as (!Exists('C:\Program Files (x86)\Microsoft SDKs\Windows Kits\10\ExtensionSDKs\Microsoft.NET.Native.Framework.1.3\1.3\x64\ret\ILTransformed\System.Resources.ResourceManager.ildll'))."
"Message",Low,"Task ""IlcErrorTask"" skipped, due to false condition; (!Exists('$(InputSharedAssemblyPath)\%(SharedLibraryContent.Identity)')) was evaluated as (!Exists('C:\Program Files (x86)\Microsoft SDKs\Windows Kits\10\ExtensionSDKs\Microsoft.NET.Native.Framework.1.3\1.3\x64\ret\ILTransformed\System.Runtime.Extensions.ildll'))."
"Message",Low,"Task ""IlcErrorTask"" skipped, due to false condition; (!Exists('$(InputSharedAssemblyPath)\%(SharedLibraryContent.Identity)')) was evaluated as (!Exists('C:\Program Files (x86)\Microsoft SDKs\Windows Kits\10\ExtensionSDKs\Microsoft.NET.Native.Framework.1.3\1.3\x64\ret\ILTransformed\System.Runtime.Implementation.ildll'))."
"Message",Low,"Task ""IlcErrorTask"" skipped, due to false condition; (!Exists('$(InputSharedAssemblyPath)\%(SharedLibraryContent.Identity)')) was evaluated as (!Exists('C:\Program Files (x86)\Microsoft SDKs\Windows Kits\10\ExtensionSDKs\Microsoft.NET.Native.Framework.1.3\1.3\x64\ret\ILTransformed\System.Text.RegularExpressions.ildll'))."
"Message",Low,"Task ""IlcErrorTask"" skipped, due to false condition; (!Exists('$(InputSharedAssemblyPath)\%(SharedLibraryContent.Identity)')) was evaluated as (!Exists('C:\Program Files (x86)\Microsoft SDKs\Windows Kits\10\ExtensionSDKs\Microsoft.NET.Native.Framework.1.3\1.3\x64\ret\ILTransformed\System.Private.SharedLibrary.Interop.Generated.ildll'))."
"Message",Low,"Task ""IlcErrorTask"" skipped, due to false condition; (!Exists('$(InputSharedAssemblyPath)\%(SharedLibraryContent.Identity)')) was evaluated as (!Exists('C:\Program Files (x86)\Microsoft SDKs\Windows Kits\10\ExtensionSDKs\Microsoft.NET.Native.Framework.1.3\1.3\x64\ret\ILTransformed\System.Collections.ilpdb'))."
"Message",Low,"Task ""IlcErrorTask"" skipped, due to false condition; (!Exists('$(InputSharedAssemblyPath)\%(SharedLibraryContent.Identity)')) was evaluated as (!Exists('C:\Program Files (x86)\Microsoft SDKs\Windows Kits\10\ExtensionSDKs\Microsoft.NET.Native.Framework.1.3\1.3\x64\ret\ILTransformed\System.Collections.Concurrent.ilpdb'))."
"Message",Low,"Task ""IlcErrorTask"" skipped, due to false condition; (!Exists('$(InputSharedAssemblyPath)\%(SharedLibraryContent.Identity)')) was evaluated as (!Exists('C:\Program Files (x86)\Microsoft SDKs\Windows Kits\10\ExtensionSDKs\Microsoft.NET.Native.Framework.1.3\1.3\x64\ret\ILTransformed\System.Diagnostics.Tracing.ilpdb'))."
"Message",Low,"Task ""IlcErrorTask"" skipped, due to false condition; (!Exists('$(InputSharedAssemblyPath)\%(SharedLibraryContent.Identity)')) was evaluated as (!Exists('C:\Program Files (x86)\Microsoft SDKs\Windows Kits\10\ExtensionSDKs\Microsoft.NET.Native.Framework.1.3\1.3\x64\ret\ILTransformed\System.Dynamic.Runtime.ilpdb'))."
"Message",Low,"Task ""IlcErrorTask"" skipped, due to false condition; (!Exists('$(InputSharedAssemblyPath)\%(SharedLibraryContent.Identity)')) was evaluated as (!Exists('C:\Program Files (x86)\Microsoft SDKs\Windows Kits\10\ExtensionSDKs\Microsoft.NET.Native.Framework.1.3\1.3\x64\ret\ILTransformed\System.IO.ilpdb'))."
"Message",Low,"Task ""IlcErrorTask"" skipped, due to false condition; (!Exists('$(InputSharedAssemblyPath)\%(SharedLibraryContent.Identity)')) was evaluated as (!Exists('C:\Program Files (x86)\Microsoft SDKs\Windows Kits\10\ExtensionSDKs\Microsoft.NET.Native.Framework.1.3\1.3\x64\ret\ILTransformed\System.Linq.ilpdb'))."
"Message",Low,"Task ""IlcErrorTask"" skipped, due to false condition; (!Exists('$(InputSharedAssemblyPath)\%(SharedLibraryContent.Identity)')) was evaluated as (!Exists('C:\Program Files (x86)\Microsoft SDKs\Windows Kits\10\ExtensionSDKs\Microsoft.NET.Native.Framework.1.3\1.3\x64\ret\ILTransformed\System.Linq.Expressions.ilpdb'))."
"Message",Low,"Task ""IlcErrorTask"" skipped, due to false condition; (!Exists('$(InputSharedAssemblyPath)\%(SharedLibraryContent.Identity)')) was evaluated as (!Exists('C:\Program Files (x86)\Microsoft SDKs\Windows Kits\10\ExtensionSDKs\Microsoft.NET.Native.Framework.1.3\1.3\x64\ret\ILTransformed\System.ObjectModel.ilpdb'))."
"Message",Low,"Task ""IlcErrorTask"" skipped, due to false condition; (!Exists('$(InputSharedAssemblyPath)\%(SharedLibraryContent.Identity)')) was evaluated as (!Exists('C:\Program Files (x86)\Microsoft SDKs\Windows Kits\10\ExtensionSDKs\Microsoft.NET.Native.Framework.1.3\1.3\x64\ret\ILTransformed\System.Private.CoreLib.ilpdb'))."
"Message",Low,"Task ""IlcErrorTask"" skipped, due to false condition; (!Exists('$(InputSharedAssemblyPath)\%(SharedLibraryContent.Identity)')) was evaluated as (!Exists('C:\Program Files (x86)\Microsoft SDKs\Windows Kits\10\ExtensionSDKs\Microsoft.NET.Native.Framework.1.3\1.3\x64\ret\ILTransformed\System.Private.Interop.ilpdb'))."
"Message",Low,"Task ""IlcErrorTask"" skipped, due to false condition; (!Exists('$(InputSharedAssemblyPath)\%(SharedLibraryContent.Identity)')) was evaluated as (!Exists('C:\Program Files (x86)\Microsoft SDKs\Windows Kits\10\ExtensionSDKs\Microsoft.NET.Native.Framework.1.3\1.3\x64\ret\ILTransformed\System.Private.Reflection.ilpdb'))."
"Message",Low,"Task ""IlcErrorTask"" skipped, due to false condition; (!Exists('$(InputSharedAssemblyPath)\%(SharedLibraryContent.Identity)')) was evaluated as (!Exists('C:\Program Files (x86)\Microsoft SDKs\Windows Kits\10\ExtensionSDKs\Microsoft.NET.Native.Framework.1.3\1.3\x64\ret\ILTransformed\System.Private.Reflection.Core.ilpdb'))."
"Message",Low,"Task ""IlcErrorTask"" skipped, due to false condition; (!Exists('$(InputSharedAssemblyPath)\%(SharedLibraryContent.Identity)')) was evaluated as (!Exists('C:\Program Files (x86)\Microsoft SDKs\Windows Kits\10\ExtensionSDKs\Microsoft.NET.Native.Framework.1.3\1.3\x64\ret\ILTransformed\System.Private.Reflection.Execution.ilpdb'))."
"Message",Low,"Task ""IlcErrorTask"" skipped, due to false condition; (!Exists('$(InputSharedAssemblyPath)\%(SharedLibraryContent.Identity)')) was evaluated as (!Exists('C:\Program Files (x86)\Microsoft SDKs\Windows Kits\10\ExtensionSDKs\Microsoft.NET.Native.Framework.1.3\1.3\x64\ret\ILTransformed\System.Private.Reflection.Metadata.ilpdb'))."
"Message",Low,"Task ""IlcErrorTask"" skipped, due to false condition; (!Exists('$(InputSharedAssemblyPath)\%(SharedLibraryContent.Identity)')) was evaluated as (!Exists('C:\Program Files (x86)\Microsoft SDKs\Windows Kits\10\ExtensionSDKs\Microsoft.NET.Native.Framework.1.3\1.3\x64\ret\ILTransformed\System.Private.Threading.ilpdb'))."
"Message",Low,"Task ""IlcErrorTask"" skipped, due to false condition; (!Exists('$(InputSharedAssemblyPath)\%(SharedLibraryContent.Identity)')) was evaluated as (!Exists('C:\Program Files (x86)\Microsoft SDKs\Windows Kits\10\ExtensionSDKs\Microsoft.NET.Native.Framework.1.3\1.3\x64\ret\ILTransformed\System.Private.TypeLoader.ilpdb'))."
"Message",Low,"Task ""IlcErrorTask"" skipped, due to false condition; (!Exists('$(InputSharedAssemblyPath)\%(SharedLibraryContent.Identity)')) was evaluated as (!Exists('C:\Program Files (x86)\Microsoft SDKs\Windows Kits\10\ExtensionSDKs\Microsoft.NET.Native.Framework.1.3\1.3\x64\ret\ILTransformed\System.Private.Uri.ilpdb'))."
"Message",Low,"Task ""IlcErrorTask"" skipped, due to false condition; (!Exists('$(InputSharedAssemblyPath)\%(SharedLibraryContent.Identity)')) was evaluated as (!Exists('C:\Program Files (x86)\Microsoft SDKs\Windows Kits\10\ExtensionSDKs\Microsoft.NET.Native.Framework.1.3\1.3\x64\ret\ILTransformed\System.Reflection.Extensions.ilpdb'))."
"Message",Low,"Task ""IlcErrorTask"" skipped, due to false condition; (!Exists('$(InputSharedAssemblyPath)\%(SharedLibraryContent.Identity)')) was evaluated as (!Exists('C:\Program Files (x86)\Microsoft SDKs\Windows Kits\10\ExtensionSDKs\Microsoft.NET.Native.Framework.1.3\1.3\x64\ret\ILTransformed\System.Reflection.Primitives.ilpdb'))."
"Message",Low,"Task ""IlcErrorTask"" skipped, due to false condition; (!Exists('$(InputSharedAssemblyPath)\%(SharedLibraryContent.Identity)')) was evaluated as (!Exists('C:\Program Files (x86)\Microsoft SDKs\Windows Kits\10\ExtensionSDKs\Microsoft.NET.Native.Framework.1.3\1.3\x64\ret\ILTransformed\System.Reflection.TypeExtensions.ilpdb'))."
"Message",Low,"Task ""IlcErrorTask"" skipped, due to false condition; (!Exists('$(InputSharedAssemblyPath)\%(SharedLibraryContent.Identity)')) was evaluated as (!Exists('C:\Program Files (x86)\Microsoft SDKs\Windows Kits\10\ExtensionSDKs\Microsoft.NET.Native.Framework.1.3\1.3\x64\ret\ILTransformed\System.Resources.ResourceManager.ilpdb'))."
"Message",Low,"Task ""IlcErrorTask"" skipped, due to false condition; (!Exists('$(InputSharedAssemblyPath)\%(SharedLibraryContent.Identity)')) was evaluated as (!Exists('C:\Program Files (x86)\Microsoft SDKs\Windows Kits\10\ExtensionSDKs\Microsoft.NET.Native.Framework.1.3\1.3\x64\ret\ILTransformed\System.Runtime.Extensions.ilpdb'))."
"Message",Low,"Task ""IlcErrorTask"" skipped, due to false condition; (!Exists('$(InputSharedAssemblyPath)\%(SharedLibraryContent.Identity)')) was evaluated as (!Exists('C:\Program Files (x86)\Microsoft SDKs\Windows Kits\10\ExtensionSDKs\Microsoft.NET.Native.Framework.1.3\1.3\x64\ret\ILTransformed\System.Runtime.Implementation.ilpdb'))."
"Message",Low,"Task ""IlcErrorTask"" skipped, due to false condition; (!Exists('$(InputSharedAssemblyPath)\%(SharedLibraryContent.Identity)')) was evaluated as (!Exists('C:\Program Files (x86)\Microsoft SDKs\Windows Kits\10\ExtensionSDKs\Microsoft.NET.Native.Framework.1.3\1.3\x64\ret\ILTransformed\System.Text.RegularExpressions.ilpdb'))."
"Message",Low,"Task ""IlcErrorTask"" skipped, due to false condition; (!Exists('$(InputSharedAssemblyPath)\%(SharedLibraryContent.Identity)')) was evaluated as (!Exists('C:\Program Files (x86)\Microsoft SDKs\Windows Kits\10\ExtensionSDKs\Microsoft.NET.Native.Framework.1.3\1.3\x64\ret\ILTransformed\System.Private.SharedLibrary.Interop.Generated.ilpdb'))."
"Message",Low,"Task ""IlcErrorTask"" skipped, due to false condition; (!Exists('$(InputSharedAssemblyPath)\%(SharedLibraryContent.Identity)')) was evaluated as (!Exists('C:\Program Files (x86)\Microsoft SDKs\Windows Kits\10\ExtensionSDKs\Microsoft.NET.Native.Framework.1.3\1.3\x64\ret\Toc\System.Collections.toc'))."
"Message",Low,"Task ""IlcErrorTask"" skipped, due to false condition; (!Exists('$(InputSharedAssemblyPath)\%(SharedLibraryContent.Identity)')) was evaluated as (!Exists('C:\Program Files (x86)\Microsoft SDKs\Windows Kits\10\ExtensionSDKs\Microsoft.NET.Native.Framework.1.3\1.3\x64\ret\Toc\System.Collections.Concurrent.toc'))."
"Message",Low,"Task ""IlcErrorTask"" skipped, due to false condition; (!Exists('$(InputSharedAssemblyPath)\%(SharedLibraryContent.Identity)')) was evaluated as (!Exists('C:\Program Files (x86)\Microsoft SDKs\Windows Kits\10\ExtensionSDKs\Microsoft.NET.Native.Framework.1.3\1.3\x64\ret\Toc\System.Diagnostics.Tracing.toc'))."
"Message",Low,"Task ""IlcErrorTask"" skipped, due to false condition; (!Exists('$(InputSharedAssemblyPath)\%(SharedLibraryContent.Identity)')) was evaluated as (!Exists('C:\Program Files (x86)\Microsoft SDKs\Windows Kits\10\ExtensionSDKs\Microsoft.NET.Native.Framework.1.3\1.3\x64\ret\Toc\System.Dynamic.Runtime.toc'))."
"Message",Low,"Task ""IlcErrorTask"" skipped, due to false condition; (!Exists('$(InputSharedAssemblyPath)\%(SharedLibraryContent.Identity)')) was evaluated as (!Exists('C:\Program Files (x86)\Microsoft SDKs\Windows Kits\10\ExtensionSDKs\Microsoft.NET.Native.Framework.1.3\1.3\x64\ret\Toc\System.IO.toc'))."
"Message",Low,"Task ""IlcErrorTask"" skipped, due to false condition; (!Exists('$(InputSharedAssemblyPath)\%(SharedLibraryContent.Identity)')) was evaluated as (!Exists('C:\Program Files (x86)\Microsoft SDKs\Windows Kits\10\ExtensionSDKs\Microsoft.NET.Native.Framework.1.3\1.3\x64\ret\Toc\System.Linq.toc'))."
"Message",Low,"Task ""IlcErrorTask"" skipped, due to false condition; (!Exists('$(InputSharedAssemblyPath)\%(SharedLibraryContent.Identity)')) was evaluated as (!Exists('C:\Program Files (x86)\Microsoft SDKs\Windows Kits\10\ExtensionSDKs\Microsoft.NET.Native.Framework.1.3\1.3\x64\ret\Toc\System.Linq.Expressions.toc'))."
"Message",Low,"Task ""IlcErrorTask"" skipped, due to false condition; (!Exists('$(InputSharedAssemblyPath)\%(SharedLibraryContent.Identity)')) was evaluated as (!Exists('C:\Program Files (x86)\Microsoft SDKs\Windows Kits\10\ExtensionSDKs\Microsoft.NET.Native.Framework.1.3\1.3\x64\ret\Toc\System.ObjectModel.toc'))."
"Message",Low,"Task ""IlcErrorTask"" skipped, due to false condition; (!Exists('$(InputSharedAssemblyPath)\%(SharedLibraryContent.Identity)')) was evaluated as (!Exists('C:\Program Files (x86)\Microsoft SDKs\Windows Kits\10\ExtensionSDKs\Microsoft.NET.Native.Framework.1.3\1.3\x64\ret\Toc\System.Private.CoreLib.toc'))."
"Message",Low,"Task ""IlcErrorTask"" skipped, due to false condition; (!Exists('$(InputSharedAssemblyPath)\%(SharedLibraryContent.Identity)')) was evaluated as (!Exists('C:\Program Files (x86)\Microsoft SDKs\Windows Kits\10\ExtensionSDKs\Microsoft.NET.Native.Framework.1.3\1.3\x64\ret\Toc\System.Private.Interop.toc'))."
"Message",Low,"Task ""IlcErrorTask"" skipped, due to false condition; (!Exists('$(InputSharedAssemblyPath)\%(SharedLibraryContent.Identity)')) was evaluated as (!Exists('C:\Program Files (x86)\Microsoft SDKs\Windows Kits\10\ExtensionSDKs\Microsoft.NET.Native.Framework.1.3\1.3\x64\ret\Toc\System.Private.Reflection.toc'))."
"Message",Low,"Task ""IlcErrorTask"" skipped, due to false condition; (!Exists('$(InputSharedAssemblyPath)\%(SharedLibraryContent.Identity)')) was evaluated as (!Exists('C:\Program Files (x86)\Microsoft SDKs\Windows Kits\10\ExtensionSDKs\Microsoft.NET.Native.Framework.1.3\1.3\x64\ret\Toc\System.Private.Reflection.Core.toc'))."
"Message",Low,"Task ""IlcErrorTask"" skipped, due to false condition; (!Exists('$(InputSharedAssemblyPath)\%(SharedLibraryContent.Identity)')) was evaluated as (!Exists('C:\Program Files (x86)\Microsoft SDKs\Windows Kits\10\ExtensionSDKs\Microsoft.NET.Native.Framework.1.3\1.3\x64\ret\Toc\System.Private.Reflection.Execution.toc'))."
"Message",Low,"Task ""IlcErrorTask"" skipped, due to false condition; (!Exists('$(InputSharedAssemblyPath)\%(SharedLibraryContent.Identity)')) was evaluated as (!Exists('C:\Program Files (x86)\Microsoft SDKs\Windows Kits\10\ExtensionSDKs\Microsoft.NET.Native.Framework.1.3\1.3\x64\ret\Toc\System.Private.Reflection.Metadata.toc'))."
"Message",Low,"Task ""IlcErrorTask"" skipped, due to false condition; (!Exists('$(InputSharedAssemblyPath)\%(SharedLibraryContent.Identity)')) was evaluated as (!Exists('C:\Program Files (x86)\Microsoft SDKs\Windows Kits\10\ExtensionSDKs\Microsoft.NET.Native.Framework.1.3\1.3\x64\ret\Toc\System.Private.Threading.toc'))."
"Message",Low,"Task ""IlcErrorTask"" skipped, due to false condition; (!Exists('$(InputSharedAssemblyPath)\%(SharedLibraryContent.Identity)')) was evaluated as (!Exists('C:\Program Files (x86)\Microsoft SDKs\Windows Kits\10\ExtensionSDKs\Microsoft.NET.Native.Framework.1.3\1.3\x64\ret\Toc\System.Private.TypeLoader.toc'))."
"Message",Low,"Task ""IlcErrorTask"" skipped, due to false condition; (!Exists('$(InputSharedAssemblyPath)\%(SharedLibraryContent.Identity)')) was evaluated as (!Exists('C:\Program Files (x86)\Microsoft SDKs\Windows Kits\10\ExtensionSDKs\Microsoft.NET.Native.Framework.1.3\1.3\x64\ret\Toc\System.Private.Uri.toc'))."
"Message",Low,"Task ""IlcErrorTask"" skipped, due to false condition; (!Exists('$(InputSharedAssemblyPath)\%(SharedLibraryContent.Identity)')) was evaluated as (!Exists('C:\Program Files (x86)\Microsoft SDKs\Windows Kits\10\ExtensionSDKs\Microsoft.NET.Native.Framework.1.3\1.3\x64\ret\Toc\System.Reflection.Extensions.toc'))."
"Message",Low,"Task ""IlcErrorTask"" skipped, due to false condition; (!Exists('$(InputSharedAssemblyPath)\%(SharedLibraryContent.Identity)')) was evaluated as (!Exists('C:\Program Files (x86)\Microsoft SDKs\Windows Kits\10\ExtensionSDKs\Microsoft.NET.Native.Framework.1.3\1.3\x64\ret\Toc\System.Reflection.Primitives.toc'))."
"Message",Low,"Task ""IlcErrorTask"" skipped, due to false condition; (!Exists('$(InputSharedAssemblyPath)\%(SharedLibraryContent.Identity)')) was evaluated as (!Exists('C:\Program Files (x86)\Microsoft SDKs\Windows Kits\10\ExtensionSDKs\Microsoft.NET.Native.Framework.1.3\1.3\x64\ret\Toc\System.Reflection.TypeExtensions.toc'))."
"Message",Low,"Task ""IlcErrorTask"" skipped, due to false condition; (!Exists('$(InputSharedAssemblyPath)\%(SharedLibraryContent.Identity)')) was evaluated as (!Exists('C:\Program Files (x86)\Microsoft SDKs\Windows Kits\10\ExtensionSDKs\Microsoft.NET.Native.Framework.1.3\1.3\x64\ret\Toc\System.Resources.ResourceManager.toc'))."
"Message",Low,"Task ""IlcErrorTask"" skipped, due to false condition; (!Exists('$(InputSharedAssemblyPath)\%(SharedLibraryContent.Identity)')) was evaluated as (!Exists('C:\Program Files (x86)\Microsoft SDKs\Windows Kits\10\ExtensionSDKs\Microsoft.NET.Native.Framework.1.3\1.3\x64\ret\Toc\System.Runtime.Extensions.toc'))."
"Message",Low,"Task ""IlcErrorTask"" skipped, due to false condition; (!Exists('$(InputSharedAssemblyPath)\%(SharedLibraryContent.Identity)')) was evaluated as (!Exists('C:\Program Files (x86)\Microsoft SDKs\Windows Kits\10\ExtensionSDKs\Microsoft.NET.Native.Framework.1.3\1.3\x64\ret\Toc\System.Runtime.Implementation.toc'))."
"Message",Low,"Task ""IlcErrorTask"" skipped, due to false condition; (!Exists('$(InputSharedAssemblyPath)\%(SharedLibraryContent.Identity)')) was evaluated as (!Exists('C:\Program Files (x86)\Microsoft SDKs\Windows Kits\10\ExtensionSDKs\Microsoft.NET.Native.Framework.1.3\1.3\x64\ret\Toc\System.Text.RegularExpressions.toc'))."
"Message",Low,"Task ""IlcErrorTask"" skipped, due to false condition; (!Exists('$(InputSharedAssemblyPath)\%(SharedLibraryContent.Identity)')) was evaluated as (!Exists('C:\Program Files (x86)\Microsoft SDKs\Windows Kits\10\ExtensionSDKs\Microsoft.NET.Native.Framework.1.3\1.3\x64\ret\Toc\System.Private.SharedLibrary.Interop.Generated.toc'))."
"Message",Low,"Task ""IlcErrorTask"" skipped, due to false condition; (!Exists('$(InputSharedAssemblyPath)\%(SharedLibraryContent.Identity)')) was evaluated as (!Exists('C:\Program Files (x86)\Microsoft SDKs\Windows Kits\10\ExtensionSDKs\Microsoft.NET.Native.Framework.1.3\1.3\x64\ret\MDIL\SharedLibrary.mdildll'))."
"Message",Low,"Done building target ""SetForSharedInputs"" in project ""Unnamed_1""."
"Message",Low,"Target ""SetForBuildSharedAssemblies"" skipped, due to false condition; ('$(BuildSharedAssemblies)' == 'true') was evaluated as ('false' == 'true')."
"Message",Low,"Target ""ResolveInitialReferences"" in file ""C:\Program Files (x86)\MSBuild\Microsoft\.NetNative\x64\ilc\IlcInternals.targets"" from project ""C:\Assistence_Control\Assistence_Control\Unnamed_1"" (target ""RunILTransforms"" depends on it):"
"Message",Low,"Task ""ResolveFilePathTask"""
"Message",Low,"Done executing task ""ResolveFilePathTask""."
"Message",Low,"Task ""IlcErrorTask"" skipped, due to false condition; ('@(UnresolvedInitialAssemblyClosureRoots)' != '') was evaluated as ('' != '')."
"Message",Low,"Task ""ResolveFilePathTask"""
"Message",Low,"Done executing task ""ResolveFilePathTask""."
"Message",Low,"Task ""IlcErrorTask"" skipped, due to false condition; ('@(UnresolvedManagedDllFilesErrorParameters)'!='') was evaluated as (''!='')."
"Message",Low,"Task ""Message"""
"Message",Normal,"Running AssemblyClosureTask in ResolveInitialReferences (1)"
"Message",Low,"Done executing task ""Message""."
"Message",Low,"Task ""AssemblyClosureTask"""
"Message",Low,"Done executing task ""AssemblyClosureTask""."
"Message",Low,"Task ""Message"""
"Message",Normal,"Running AssemblyClosureTask in ResolveInitialReferences (2)"
"Message",Low,"Done executing task ""Message""."
"Message",Low,"Task ""AssemblyClosureTask"" skipped, due to false condition; ('$(ExplicitlyRequiresNonStandardEncodings)' != 'true') was evaluated as ('true' != 'true')."
"Message",Low,"Using ""RemoveDuplicates"" task from assembly ""Microsoft.Build.Tasks.v4.0, Version=4.0.0.0, Culture=neutral, PublicKeyToken=b03f5f7f11d50a3a""."
"Message",Low,"Task ""RemoveDuplicates"""
"Message",Low,"Done executing task ""RemoveDuplicates""."
"Message",Low,"Done building target ""ResolveInitialReferences"" in project ""Unnamed_1""."
"Message",Low,"Target ""RunILTransforms"" in file ""C:\Program Files (x86)\MSBuild\Microsoft\.NetNative\x64\ilc\IlcInternals.targets"" from project ""C:\Assistence_Control\Assistence_Control\Unnamed_1"" (target ""MDILPrepareMultiFile"" depends on it):"
"Message",Low,"Building target ""RunILTransforms"" completely."
"Message",Low,"Output file ""C:\Assistence_Control\Assistence_Control\obj\x64\Release\ilc\intermediate\ILTransformed\Assistance_Control.ilexe"" does not exist."
"Message",Low,"Task ""IlcMessageTask"""
"Message",High,"Processing application code"
"Message",Low,"Done executing task ""IlcMessageTask""."
"Message",Low,"Using ""ValidateSimpleNamesTask"" task from assembly ""C:\Program Files (x86)\MSBuild\Microsoft\.NetNative\x64\ilc\ilc.exe""."
"Message",Low,"Task ""ValidateSimpleNamesTask"""
"Message",Low,"Done executing task ""ValidateSimpleNamesTask""."
"Message",Low,"Task ""MakeDir"""
"Message",Normal,"Creating directory ""C:\Assistence_Control\Assistence_Control\obj\x64\Release\ilc\intermediate\ILTransformed\""."
"Message",Low,"Done executing task ""MakeDir""."
"Message",Low,"Task ""MakeDir"" skipped, due to false condition; ('$(BuildSharedAssemblies)' == 'true') was evaluated as ('false' == 'true')."
"Message",Low,"Task ""MakeDir"" skipped, due to false condition; ('$(BuildSharedAssemblies)' == 'true') was evaluated as ('false' == 'true')."
"Message",Low,"Task ""IlcErrorTask"" skipped, due to false condition; ('$(PlatformTarget)'=='') was evaluated as ('x64'=='')."
"Message",Low,"Task ""ResolveFilePathTask"""
"Message",Low,"Done executing task ""ResolveFilePathTask""."
"Message",Low,"Task ""IlcErrorTask"" skipped, due to false condition; ('@(UnresolvedMcgSourceContractsReferencesErrorParameters)'!='') was evaluated as (''!='')."
"Message",Low,"Task ""ResolveFilePathTask"""
"Message",Low,"Done executing task ""ResolveFilePathTask""."
"Message",Low,"Task ""IlcErrorTask"" skipped, due to false condition; ('@(UnresolvedMcgSourceFacadeErrorParameters)'!='') was evaluated as (''!='')."
"Message",Low,"Task ""ResolveFilePathTask"""
"Message",Low,"Done executing task ""ResolveFilePathTask""."
"Message",Low,"Task ""IlcErrorTask"" skipped, due to false condition; ('@(UnresolvedFinalAssemblyClosureRoots)' != '') was evaluated as ('' != '')."
"Message",Low,"Task ""ResolveFilePathTask"""
"Message",Low,"Done executing task ""ResolveFilePathTask""."
"Message",Low,"Task ""IlcErrorTask"" skipped, due to false condition; ('@(UnresolvedManagedDllFilesErrorParameters)'!='') was evaluated as (''!='')."
"Message",Low,"Task ""Message"""
"Message",Normal,"Running AssemblyClosureTask in RunILTransforms"
"Message",Low,"Done executing task ""Message""."
"Message",Low,"Task ""AssemblyClosureTask"""
"Message",Low,"Done executing task ""AssemblyClosureTask""."
"Message",Low,"Task ""ResolveFilePathTask"" skipped, due to false condition; ('$(UseSharedAssemblies)' != 'true') was evaluated as ('true' != 'true')."
"Message",Low,"Task ""IlcErrorTask"" skipped, due to false condition; ('@(UnresolvedCoreAssemblyErrorParameters)'!='') was evaluated as (''!='')."
"Message",Low,"Task ""RemoveDuplicates"""
"Message",Low,"Done executing task ""RemoveDuplicates""."
"Message",Low,"Task ""AddToNativePackageTask"" skipped, due to false condition; ('@(NeedsClrCompression)' != '') was evaluated as ('' != '')."
"Message",Low,"Task ""MakeDir"""
"Message",Normal,"Creating directory ""C:\Assistence_Control\Assistence_Control\obj\x64\Release\ilc\intermediate\SgGenerated""."
"Message",Low,"Done executing task ""MakeDir""."
"Message",Low,"Task ""WriteLinesToFile"""
"Message",Low,"Done executing task ""WriteLinesToFile""."
"Message",Low,"Task ""MakeDir"""
"Message",Normal,"Creating directory ""C:\Assistence_Control\Assistence_Control\obj\x64\Release\ilc\intermediate\ResW\""."
"Message",Low,"Done executing task ""MakeDir""."
"Message",Low,"Task ""IlcWarningTask"" skipped, due to false condition; ('$(BuildSharedAssemblies)' != 'true' and '@(ReducerInputFiles)' == '') was evaluated as ('false' != 'true' and 'C:\Assistence_Control\Assistence_Control\obj\x64\Release\ilc\in\Properties\Default.rd.xml' == '')."
"Message",Low,"Task ""ILTransformTask"""
"Message",Normal,"Running 'Analysis' transform, heap at 167 MB."
"Message",Low,"Loading 108 modules..."
